ds,yhat,yhat_lower,yhat_upper
2025-08-04 23:57:14,5.54447765926114,5.49447765926114,5.594477659261139
